Designator,Footprint,Quantity,Value,LCSC Part #
D1,D_DO-41_SOD81_P10.16mm_Horizontal,1,D_Small,
D2,0805,1,D_Small,
"H12, H13, H14, H15, H16",MountingHole_2.2mm_M2_DIN965,5,MountingHole,
H18,qw new logo silk + copper md,1,Quark Logo,
J10,PinHeader_1x03_P2.54mm_Vertical,1,Modifiers,
J11,PinHeader_1x06_P2.54mm_Vertical,1,C Stick,
J12,PinHeader_1x09_P2.54mm_Vertical,1,Buttons,
J5,PinHeader_1x06_P2.54mm_Vertical,1,GCC Cable,
J6,PinHeader_1x04_P2.54mm_Vertical,1,Extra USB,
J7,TYPE-C_24P_QCHT,1,USB C Connector,
J8,RPI_PICO_TH,1,RPI_PICO-TH,
J9,PinHeader_1x05_P2.54mm_Vertical,1,Left Stick,
SW5,SW_MX_HS_1u,1,MX_SW_HS,
